image_url,id,bbox,transcription,annotator,annotation_id,created_at,updated_at,lead_time
/data/upload/3/d77b5d4a-ID3499.JPG,3117,"[{""x"": 32.37488621814613, ""y"": 60.80278701119374, ""width"": 13.28640840093434, ""height"": 2.7709321422330153, ""rotation"": 354.89730579918466, ""original_width"": 3024, ""original_height"": 3024}]",(8004) 7332495006741692,1,1176,2022-06-02T12:39:32.910955Z,2022-06-02T12:39:32.910955Z,25.7
/data/upload/3/416cde4e-ID3498.JPG,3116,"[{""x"": 41.4420555776776, ""y"": 52.59269687212852, ""width"": 9.045016631891722, ""height"": 1.9316990508117664, ""rotation"": 5.688845732567188, ""original_width"": 3024, ""original_height"": 3024}]",(8004) 7332495006741692,1,1175,2022-06-02T12:37:54.522765Z,2022-06-02T12:37:54.522765Z,70.344
/data/upload/3/698d1761-ID3488.jpg,3110,"[{""x"": 42.900608179365555, ""y"": 61.70454129987758, ""width"": 5.414769919023603, ""height"": 1.0124451883642567, ""rotation"": 357.8183585964503, ""original_width"": 3024, ""original_height"": 4032}]",7359992907331573,1,1174,2022-06-02T12:36:25.534622Z,2022-06-02T12:36:25.534622Z,28.055
/data/upload/3/f6f8ec4c-ID3476.jpeg,3102,"[{""x"": 61.144256543031254, ""y"": 53.49075473374652, ""width"": 7.261016011361149, ""height"": 1.3379284516343788, ""rotation"": 359.42706130231676, ""original_width"": 3024, ""original_height"": 4032}]",7359992903965123,1,1173,2022-06-02T12:35:16.911554Z,2022-06-02T12:35:16.911554Z,66.947
/data/upload/3/94286965-ID3475.JPG,3101,"[{""x"": 7.057230461238749, ""y"": 34.331581717910716, ""width"": 72.26349209796861, ""height"": 8.762077765507401, ""rotation"": 0.9524033395788365, ""original_width"": 1688, ""original_height"": 3000}]",7359992904543528,1,1172,2022-06-02T12:34:08.535008Z,2022-06-02T12:34:08.535008Z,31.075
/data/upload/3/af608442-ID3473.jpg,3100,"[{""x"": 25.59875340844392, ""y"": 64.80245391877197, ""width"": 6.240440090078489, ""height"": 1.187849496538808, ""rotation"": 0, ""original_width"": 3024, ""original_height"": 4032}, {""x"": 38.736920593799894, ""y"": 77.21015026122092, ""width"": 8.123737301029845, ""height"": 1.2370791169377098, ""rotation"": 348.15980174137655, ""original_width"": 3024, ""original_height"": 4032}]","[""7359992906643592"", ""7359992906643592""]",1,1171,2022-06-02T12:32:50.452559Z,2022-06-02T12:33:33.051715Z,14855.713
/data/upload/3/48a86479-ID3464.jpg,3092,"[{""x"": 26.63480588053145, ""y"": 71.48665878906586, ""width"": 6.313046275311171, ""height"": 1.139244431711899, ""rotation"": 0.5486984329178313, ""original_width"": 3024, ""original_height"": 4032}, {""x"": 39.49017156630908, ""y"": 82.33985709915267, ""width"": 7.497564033147217, ""height"": 1.173129869017371, ""rotation"": 358.0251311023391, ""original_width"": 3024, ""original_height"": 4032}]","[""7359992900102347"", ""7359992900102347""]",1,1170,2022-06-02T12:28:57.446435Z,2022-06-02T12:28:57.446435Z,88.226
/data/upload/3/7f7fd51a-ID3460.jpg,3089,"[{""x"": 23.734810543487484, ""y"": 67.63595785308043, ""width"": 8.790437811305447, ""height"": 0.8616019317973169, ""rotation"": 2.5031568445419907, ""original_width"": 3000, ""original_height"": 4000}]",5706567269829510,1,1169,2022-06-02T12:26:19.154183Z,2022-06-02T12:26:19.154183Z,53.812
/data/upload/3/359f8a0b-ID3453.jpg,3084,"[{""x"": 30.218322498881953, ""y"": 65.1081192303086, ""width"": 6.276127876040339, ""height"": 1.1352379622270943, ""rotation"": 359.0169347389712, ""original_width"": 3024, ""original_height"": 4032}]",7359992904703151,1,1168,2022-06-02T12:24:27.181380Z,2022-06-02T12:24:27.181380Z,50.142
/data/upload/3/199367a6-ID3443.jpg,3079,"[{""x"": 21.641568211874176, ""y"": 48.68594826370374, ""width"": 6.60028229417742, ""height"": 1.049899500212982, ""rotation"": 1.2536694494973517, ""original_width"": 4032, ""original_height"": 3024}]",5706567271525967,1,1167,2022-06-02T12:22:49.970577Z,2022-06-02T12:22:49.970577Z,77.781
/data/upload/3/5c08020c-ID3439.jpg,3077,"[{""x"": 15.086009087214096, ""y"": 69.4701190474921, ""width"": 6.3967882791465955, ""height"": 1.2004154111758147, ""rotation"": 0, ""original_width"": 3024, ""original_height"": 4032}]",7359992900847019,1,1166,2022-06-02T12:21:00.661948Z,2022-06-02T12:21:00.661948Z,53.014
/data/upload/3/e2c8b9e0-ID3434.jpg,3073,"[{""x"": 32.260636330833584, ""y"": 73.62021751102814, ""width"": 10.214575955117882, ""height"": 1.4754438867295938, ""rotation"": 2.773405985364093, ""original_width"": 2268, ""original_height"": 4032}]",7359992904002742,1,1165,2022-06-02T12:19:38.900739Z,2022-06-02T12:19:38.900739Z,53.481
/data/upload/3/05358fba-ID3433.jpeg,3072,"[{""x"": 21.77701775125197, ""y"": 65.16406345311621, ""width"": 6.84453754307997, ""height"": 1.1964344656905093, ""rotation"": 355.5723642454843, ""original_width"": 3024, ""original_height"": 4032}, {""x"": 36.14110393104769, ""y"": 47.88892659016924, ""width"": 7.386933045510936, ""height"": 1.0244579214158873, ""rotation"": 356.81240536092275, ""original_width"": 3024, ""original_height"": 4032}]","[""7359992893210999"", ""7359992893210999""]",1,1164,2022-06-02T12:18:42.131543Z,2022-06-02T12:18:42.133055Z,93.853
/data/upload/3/ab5f6d78-ID3403.jpg,3050,"[{""x"": 7.458971508704597, ""y"": 38.0206805732873, ""width"": 8.20703397717867, ""height"": 1.6568608140591732, ""rotation"": 358.1192748708686, ""original_width"": 3024, ""original_height"": 4032}]",7350049089025826,1,1163,2022-06-02T12:15:33.093951Z,2022-06-02T12:15:33.093951Z,47.055
/data/upload/3/cf7b2b45-ID3393.jpeg,3040,"[{""x"": 59.27790656757628, ""y"": 70.4078629902166, ""width"": 6.749638856800136, ""height"": 1.2489166360215085, ""rotation"": 2.938382549575749, ""original_width"": 3024, ""original_height"": 4032}]",7359992894535480,1,1162,2022-06-02T12:13:56.129194Z,2022-06-02T12:13:56.130196Z,41.392
/data/upload/3/10dd51ff-ID3374.jpeg,3027,"[{""x"": 40.67196736082751, ""y"": 26.73829183347102, ""width"": 4.447417350482297, ""height"": 1.0955035385379908, ""rotation"": 0, ""original_width"": 3024, ""original_height"": 4032}]",DET15006196,1,1161,2022-06-02T12:11:55.901046Z,2022-06-02T12:11:55.901046Z,29.935
/data/upload/3/23bcdfa7-ID3373.jpeg,3026,"[{""x"": 28.269593741139357, ""y"": 34.8595796518889, ""width"": 6.68346872209211, ""height"": 2.0747718430379587, ""rotation"": 358.5369524895712, ""original_width"": 4032, ""original_height"": 3024}]",7340157032512743,1,1160,2022-06-02T12:11:22.545653Z,2022-06-02T12:11:22.545653Z,54.753
/data/upload/3/ec9ce713-ID3372.jpg,3025,"[{""x"": 22.04557557043041, ""y"": 43.32851026255564, ""width"": 15.502358800965773, ""height"": 3.0549996178041297, ""rotation"": 358.9253166585942, ""original_width"": 3468, ""original_height"": 4624}]",19627272,1,1159,2022-06-02T12:09:56.943546Z,2022-06-02T12:09:56.943546Z,25.582
/data/upload/3/7503eae2-ID3364.JPG,3018,"[{""x"": 41.430962779385844, ""y"": 52.54935641974073, ""width"": 9.12463356844661, ""height"": 1.9855986215078507, ""rotation"": 6.044516731096962, ""original_width"": 3024, ""original_height"": 3024}]",(8004) 7332495006741692,1,1158,2022-06-02T12:08:47.857781Z,2022-06-02T12:08:47.857781Z,46.106
/data/upload/3/215e992e-ID3345.jpg,3002,"[{""x"": 30.77027960156348, ""y"": 75.47752368117214, ""width"": 6.2396896341410475, ""height"": 1.122993862651747, ""rotation"": 346.008358729129, ""original_width"": 3024, ""original_height"": 4032}]",7359992905312390,1,1157,2022-06-02T12:03:19.072723Z,2022-06-02T12:03:19.072723Z,55.818
/data/upload/3/b2a53f1c-ID3344.jpg,3001,"[{""x"": 60.9646684851121, ""y"": 70.84558283300827, ""width"": 8.243901600639884, ""height"": 0.7901282360524421, ""rotation"": 1.0080071881040453, ""original_width"": 3024, ""original_height"": 4032}]",5706567272257225,1,1156,2022-06-02T12:02:18.146068Z,2022-06-02T12:02:18.146068Z,101.624
/data/upload/3/2828371a-ID3336.jpg,2994,"[{""x"": 28.20365981141408, ""y"": 70.60451104378436, ""width"": 6.609950128039978, ""height"": 1.1724159428290641, ""rotation"": 1.639737329753416, ""original_width"": 2736, ""original_height"": 3648}]",7359992922467417,1,1155,2022-06-02T11:59:31.654016Z,2022-06-02T11:59:31.654016Z,38.48
/data/upload/3/924e6d22-ID3315.jpeg,2976,"[{""x"": 43.46439887903634, ""y"": 67.24946506927562, ""width"": 12.233377894349205, ""height"": 1.1659961854367278, ""rotation"": 355.60129464500505, ""original_width"": 3024, ""original_height"": 4032}]",5706567343399083,1,1154,2022-06-02T11:56:04.914527Z,2022-06-02T11:56:04.914527Z,45.684
/data/upload/3/26801bcc-ID3312.jpeg,2974,"[{""x"": 12.231805718880963, ""y"": 89.23439769659674, ""width"": 11.318474178891881, ""height"": 1.7681716026586551, ""rotation"": 359.05694476752984, ""original_width"": 3024, ""original_height"": 4032}]",7359992907584191,1,1153,2022-06-02T11:55:04.632654Z,2022-06-02T11:55:04.632654Z,54.19
/data/upload/3/c272534a-ID3309.jpg,2971,"[{""x"": 33.14848053499463, ""y"": 11.44697038706671, ""width"": 5.869305557210457, ""height"": 0.7949061912272131, ""rotation"": 351.8248469531901, ""original_width"": 3024, ""original_height"": 4032}]",5706567202363187,1,1152,2022-06-02T11:53:34.322298Z,2022-06-02T11:53:34.322298Z,66.071
/data/upload/3/f6eaed3f-ID3308.jpg,2970,"[{""x"": 25.442346069163225, ""y"": 73.7551056032578, ""width"": 8.415691388972729, ""height"": 1.5300525779260694, ""rotation"": 347.3194025060994, ""original_width"": 3468, ""original_height"": 4624}]",7359992893885142,1,1151,2022-06-02T11:52:25.231732Z,2022-06-02T11:52:25.231732Z,43.391
/data/upload/3/6e0ef31f-ID3304.jpg,2966,"[{""x"": 42.461999245410176, ""y"": 37.01539723517071, ""width"": 8.714996223691706, ""height"": 1.4624085337168264, ""rotation"": 1.722758993397008, ""original_width"": 6936, ""original_height"": 9248}]",(8004) 0887624 000292596,1,1150,2022-06-02T11:50:50.768007Z,2022-06-02T11:50:50.768007Z,62.233
/data/upload/3/4f8ca855-ID3302.jpg,2964,"[{""x"": 37.87738587090836, ""y"": 30.657368816696422, ""width"": 10.145721903752042, ""height"": 2.086452093936622, ""rotation"": 358.86830476676846, ""original_width"": 3456, ""original_height"": 4608}]",7340157033072048,1,1149,2022-06-02T11:49:39.084249Z,2022-06-02T11:49:39.084249Z,40.817
/data/upload/3/93062bdf-ID3301.jpeg,2963,"[{""x"": 25.804102675666325, ""y"": 66.30667983646477, ""width"": 6.2133036514091895, ""height"": 1.1609067348685342, ""rotation"": 0, ""original_width"": 2787, ""original_height"": 3716}]",7359992893080134,1,1148,2022-06-02T11:48:53.426510Z,2022-06-02T11:48:53.427490Z,59.219
/data/upload/3/f54983cc-ID3294.jpeg,2958,"[{""x"": 31.997517781934906, ""y"": 88.12929484158897, ""width"": 12.614371104547853, ""height"": 1.2605900884078611, ""rotation"": 359.3714055803987, ""original_width"": 3024, ""original_height"": 4032}]",5706567272513437,1,1147,2022-06-02T11:47:07.548527Z,2022-06-02T11:47:07.548527Z,74.459
/data/upload/3/737b0657-ID3286.jpeg,2953,"[{""x"": 30.441087591626793, ""y"": 77.26378645112817, ""width"": 9.304694731303295, ""height"": 1.442951393923218, ""rotation"": 0, ""original_width"": 2049, ""original_height"": 3370}]",7359992902958935,1,1146,2022-06-02T11:45:28.676820Z,2022-06-02T11:45:28.676820Z,32.505
/data/upload/3/e73809b0-ID3265.jpg,2937,"[{""x"": 28.67601703336466, ""y"": 95.74214601432833, ""width"": 10.96563308655712, ""height"": 1.0684054582667855, ""rotation"": 4.6537928270902285, ""original_width"": 3000, ""original_height"": 4000}]",5706567202375302,1,1145,2022-06-02T11:41:52.813022Z,2022-06-02T11:41:52.813022Z,50.546
/data/upload/3/f9579fc2-ID3264.jpg,2936,"[{""x"": 23.59903380933413, ""y"": 54.93162732256716, ""width"": 11.432087520274605, ""height"": 1.3926172102725778, ""rotation"": 0, ""original_width"": 2084, ""original_height"": 4624}, {""x"": 33.16445852448315, ""y"": 66.73072328697565, ""width"": 13.923814509846103, ""height"": 1.3610566556818395, ""rotation"": 341.3869327576283, ""original_width"": 2084, ""original_height"": 4624}]","[""7359992907708337"", ""7359992907708337""]",1,1144,2022-06-02T11:40:57.494279Z,2022-06-02T11:40:57.494279Z,33.582
/data/upload/3/64717a92-ID3248.JPG,2924,"[{""x"": 35.90166499147551, ""y"": 82.61212923233644, ""width"": 9.132227146270948, ""height"": 1.78191813847213, ""rotation"": 0.9701748139602842, ""original_width"": 2448, ""original_height"": 3264}]",7359992891070847,1,1143,2022-06-02T11:26:36.774832Z,2022-06-02T11:26:36.774832Z,56.371
/data/upload/3/96fdb401-ID3244.jpeg,2920,"[{""x"": 32.43078408982537, ""y"": 81.08505324588307, ""width"": 10.940371615702865, ""height"": 0.9958215881065339, ""rotation"": 352.6932600967825, ""original_width"": 3024, ""original_height"": 4032}]",5706567204897604,1,1142,2022-06-02T11:25:11.326958Z,2022-06-02T11:25:11.326958Z,50.128
/data/upload/3/213ccea6-ID3242.jpg,2919,"[{""x"": 1.4826400465177807, ""y"": 59.38273330462311, ""width"": 7.008381170611594, ""height"": 1.2166014887370502, ""rotation"": 357.58897025338933, ""original_width"": 3024, ""original_height"": 4032}, {""x"": 84.53681711067784, ""y"": 59.27306195102693, ""width"": 8.705516126647526, ""height"": 1.3789853405849606, ""rotation"": 3.984399521851344, ""original_width"": 3024, ""original_height"": 4032}]","[""7359992904571576"", ""7359992904571576""]",1,1141,2022-06-02T11:24:13.593916Z,2022-06-02T11:24:13.594915Z,119.241
/data/upload/3/0c5d3ea8-ID3233.jpg,2912,"[{""x"": 25.220238305589692, ""y"": 60.15809328564258, ""width"": 8.731212902668695, ""height"": 1.6345547508539298, ""rotation"": 359.10830889247933, ""original_width"": 3024, ""original_height"": 4032}]",7359992903762999,1,1140,2022-06-02T11:20:48.532497Z,2022-06-02T11:20:48.532497Z,44.03
/data/upload/3/05ec64c1-ID3232.jpg,2911,"[{""x"": 85.9671255406118, ""y"": 65.35868352087523, ""width"": 11.898293877953087, ""height"": 2.099656517670874, ""rotation"": 4.250654574649047, ""original_width"": 3024, ""original_height"": 4032}]",7359992924195486,1,1139,2022-06-02T11:19:56.752869Z,2022-06-02T11:19:56.752869Z,49.226
/data/upload/3/a4e3917f-ID3231.jpg,2910,"[{""x"": 28.40346161538872, ""y"": 62.98867815718265, ""width"": 7.617539795063019, ""height"": 1.4489053582741687, ""rotation"": 359.98445283638125, ""original_width"": 3024, ""original_height"": 4032}]",7359992903762999,1,1138,2022-06-02T11:19:04.485706Z,2022-06-02T11:19:04.485706Z,390.669
/data/upload/3/b8ddc016-ID3229.jpg,2908,"[{""x"": 23.521245319592545, ""y"": 35.18248199728282, ""width"": 12.270003436121694, ""height"": 2.3764931306739516, ""rotation"": 359.60269197962475, ""original_width"": 3024, ""original_height"": 4032}]",7359992924195486,1,1137,2022-06-02T11:12:25.913646Z,2022-06-02T11:12:25.913646Z,125.181
/data/upload/3/1e98594c-ID3228.jpeg,2907,"[{""x"": 32.2466627092048, ""y"": 71.07841203819571, ""width"": 7.558584934357581, ""height"": 1.4101393602640713, ""rotation"": 356.0875442910864, ""original_width"": 3024, ""original_height"": 4032}]",7359992902190106,1,1136,2022-06-02T11:09:50.413598Z,2022-06-02T11:09:50.413598Z,161.252
/data/upload/3/3802c75b-ID3226.jpg,2905,"[{""x"": 44.178856788808254, ""y"": 30.565309392638877, ""width"": 3.0844300253616668, ""height"": 0.539982096136975, ""rotation"": 0.9203644682353911, ""original_width"": 3024, ""original_height"": 4032}]",5706567290799141,1,1135,2022-06-02T11:06:22.278836Z,2022-06-02T11:06:22.278836Z,54.975
/data/upload/3/c8423dce-ID3225.jpeg,2904,"[{""x"": 51.73132451028083, ""y"": 63.72102672883907, ""width"": 11.198640602922918, ""height"": 4.1899717053724475, ""rotation"": 1.0377176092285936, ""original_width"": 3024, ""original_height"": 4032}]",114287,1,1134,2022-06-02T11:05:23.945492Z,2022-06-02T11:05:23.945492Z,78.889
/data/upload/3/44a850d4-ID3224.jpeg,2903,"[{""x"": 45.06666666666668, ""y"": 71.09999999999998, ""width"": 15.733333333333336, ""height"": 6.1, ""rotation"": 0, ""original_width"": 3024, ""original_height"": 4032}]",114287,1,1133,2022-06-02T11:03:59.459314Z,2022-06-02T11:03:59.459314Z,31.612
/data/upload/3/065f8733-ID3191.jpg,2877,"[{""x"": 16.158805805324995, ""y"": 68.39675179317224, ""width"": 12.662058809608629, ""height"": 2.354351559911573, ""rotation"": 358.9439761940023, ""original_width"": 3024, ""original_height"": 4032}]",7359992904538784,1,1132,2022-06-02T10:57:24.492038Z,2022-06-02T10:57:24.492130Z,52.596
/data/upload/3/2c7497f2-ID3190.jpg,2876,"[{""x"": 27.93345753128455, ""y"": 71.68359480872068, ""width"": 8.647749643253078, ""height"": 0.7896842429954094, ""rotation"": 355.3235667332648, ""original_width"": 3024, ""original_height"": 4032}]",5706567204910495,1,1131,2022-06-02T10:56:19.934623Z,2022-06-02T10:56:19.934623Z,465.952
/data/upload/3/af04279d-ID3179.jpeg,2869,"[{""x"": 21.080061352880193, ""y"": 67.59990397731606, ""width"": 6.50135230992274, ""height"": 1.279638378506734, ""rotation"": 1.028761583975779, ""original_width"": 3024, ""original_height"": 4032}]",735999290537768,1,1130,2022-06-02T10:11:49.101307Z,2022-06-02T10:11:49.101307Z,32.069
/data/upload/3/ec8b5c88-ID3169.jpeg,2862,"[{""x"": 25.13228510165523, ""y"": 58.55202499596592, ""width"": 8.823951905286888, ""height"": 1.693581372894463, ""rotation"": 2.164142781300825, ""original_width"": 3024, ""original_height"": 4032}, {""x"": 42.07858564507199, ""y"": 78.4122097457878, ""width"": 11.581335645700326, ""height"": 1.8655764420492542, ""rotation"": 347.3474434994423, ""original_width"": 3024, ""original_height"": 4032}]","[""7359992904247921"", ""7359992904247921""]",1,1129,2022-06-02T10:09:40.340255Z,2022-06-02T10:10:25.234129Z,6267.831
/data/upload/3/e3e9e356-ID3155.jpeg,2850,"[{""x"": 27.83760546385428, ""y"": 66.73245118907776, ""width"": 6.863905469225808, ""height"": 1.3407855519362628, ""rotation"": 2.1610794882256528, ""original_width"": 3024, ""original_height"": 4032}, {""x"": 42.64372113938805, ""y"": 79.68192331640475, ""width"": 9.102885735783705, ""height"": 1.3839363809234075, ""rotation"": 2.512658769274765, ""original_width"": 3024, ""original_height"": 4032}]","[""7359992906673049"", ""7359992906673049""]",1,1128,2022-06-02T10:07:38.738862Z,2022-06-02T10:07:38.738862Z,88.63
/data/upload/3/735b20c1-ID3149.jpeg,2845,"[{""x"": 12.719664040363176, ""y"": 66.6418894543914, ""width"": 6.547291684832023, ""height"": 1.21460261237474, ""rotation"": 1.949741672103471, ""original_width"": 3024, ""original_height"": 4032}, {""x"": 24.185610970848195, ""y"": 81.95869261731892, ""width"": 8.60905286091967, ""height"": 1.2102345301251065, ""rotation"": 333.9852305358047, ""original_width"": 3024, ""original_height"": 4032}]","[""7359992909092311"", ""7359992909092311""]",1,1127,2022-06-02T10:04:40.438774Z,2022-06-02T10:05:31.838650Z,5974.011
/data/upload/3/e855ca84-ID3126.jpeg,2828,"[{""x"": 31.870512037144888, ""y"": 68.10239152461985, ""width"": 7.455964388665388, ""height"": 1.4388768720090785, ""rotation"": 359.9770840030681, ""original_width"": 3024, ""original_height"": 4032}]",7359992908846304,1,1126,2022-06-02T10:00:11.643776Z,2022-06-02T10:00:11.643776Z,49.655
/data/upload/3/178a368b-ID3119.jpeg,2821,"[{""x"": 39.82108110650129, ""y"": 42.14924472607758, ""width"": 5.388119950713693, ""height"": 0.8509912744856951, ""rotation"": 358.6279083505407, ""original_width"": 3024, ""original_height"": 4032}]",(8004) 5051639574327870,1,1125,2022-06-02T09:58:05.439911Z,2022-06-02T09:58:58.431596Z,5580.587
/data/upload/3/63b2ebaf-ID3091.jpg,2807,"[{""x"": 13.874434929936493, ""y"": 50.14171769700538, ""width"": 14.497481411032535, ""height"": 1.7370581528793112, ""rotation"": 6.009005957493741, ""original_width"": 1042, ""original_height"": 2312}, {""x"": 21.776985465025973, ""y"": 65.73549809689806, ""width"": 18.196468287764855, ""height"": 1.8142108233477074, ""rotation"": 347.5485062773125, ""original_width"": 1042, ""original_height"": 2312}]","[""7359992907708337"", ""7359992907708337""]",1,1124,2022-06-02T09:54:43.230757Z,2022-06-02T09:54:43.230757Z,48.569
/data/upload/3/d6e64b21-ID3074.jpg,2794,"[{""x"": 32.26967171065389, ""y"": 66.44858905187765, ""width"": 6.805517610710374, ""height"": 1.332134976378692, ""rotation"": 3.1634346318786584, ""original_width"": 3024, ""original_height"": 4032}]",7359992905510871,1,1123,2022-06-02T09:51:40.231593Z,2022-06-02T09:51:40.232595Z,50.637
/data/upload/3/1d354fce-ID3062.jpg,2787,"[{""x"": 35.880219036053724, ""y"": 12.525770367862343, ""width"": 10.95598132821433, ""height"": 2.150515061459675, ""rotation"": 358.0936935322477, ""original_width"": 3000, ""original_height"": 4000}]",(8004) 0887624 000709278,1,1122,2022-06-02T09:50:26.144864Z,2022-06-02T09:50:26.144864Z,54.159
/data/upload/3/722d95ca-ID3059.jpeg,2785,"[{""x"": 33.109959477653746, ""y"": 45.07888662487578, ""width"": 23.35256596328683, ""height"": 2.2951908170934727, ""rotation"": 2.934704926288873, ""original_width"": 3024, ""original_height"": 4032}]",5706567202748090,1,1121,2022-06-02T09:48:37.610576Z,2022-06-02T09:49:26.660558Z,5001.695
/data/upload/3/7d1f7c10-ID3036.JPG,2768,"[{""x"": 18.381048600598827, ""y"": 63.23214182779166, ""width"": 7.439784663183112, ""height"": 1.2716491333629245, ""rotation"": 0.8550973962666717, ""original_width"": 2000, ""original_height"": 3008}]",7359992905080336,1,1120,2022-06-02T09:44:40.783389Z,2022-06-02T09:44:40.783389Z,58.17
/data/upload/3/2be3ae9d-ID3023.jpeg,2761,"[{""x"": 15.223183786591752, ""y"": 35.81595668395554, ""width"": 18.064958542396106, ""height"": 3.5303670016772726, ""rotation"": 1.692978437627687, ""original_width"": 1536, ""original_height"": 2048}]",7359992894738140,1,1119,2022-06-02T09:43:07.582755Z,2022-06-02T09:43:07.582755Z,51.275
/data/upload/3/d41d7233-ID3018.jpeg,2756,"[{""x"": 12.90288503457442, ""y"": 57.67620012696979, ""width"": 7.583691435281353, ""height"": 1.4372978908120726, ""rotation"": 0, ""original_width"": 3024, ""original_height"": 4032}]",7359992905665878,1,1118,2022-06-02T09:41:54.780020Z,2022-06-02T09:41:54.780178Z,1016.105
/data/upload/3/0621bd96-ID3011.jpg,2751,"[{""x"": 70.28054519200813, ""y"": 31.535874326694618, ""width"": 5.4493988894442875, ""height"": 1.3313947408508955, ""rotation"": 2.067267189580946, ""original_width"": 1512, ""original_height"": 2016}]",00082505,1,1117,2022-06-02T09:24:37.353490Z,2022-06-02T09:24:37.353490Z,49.803
/data/upload/3/46a4da5d-ID2974.jpg,2724,"[{""x"": 10.349704896999224, ""y"": 31.17138770612098, ""width"": 19.366551394472303, ""height"": 3.9167650673268355, ""rotation"": 2.0735234810883867, ""original_width"": 3072, ""original_height"": 4096}]",7359992902222005,1,1116,2022-06-02T09:17:31.017654Z,2022-06-02T09:17:31.017654Z,43.784
/data/upload/3/a779aed1-ID2973.jpg,2723,"[{""x"": 37.925302272794156, ""y"": 63.15094452766803, ""width"": 6.56287826565462, ""height"": 1.129588914844475, ""rotation"": 355.96228937902134, ""original_width"": 3024, ""original_height"": 4032}, {""x"": 51.03555964612244, ""y"": 72.70027785404916, ""width"": 7.851616200682954, ""height"": 1.1028331791309267, ""rotation"": 354.8970634889711, ""original_width"": 3024, ""original_height"": 4032}]","[""7359992902507690"", ""7359992902507690""]",1,1115,2022-06-02T09:16:44.996905Z,2022-06-02T09:16:44.997910Z,102.5
/data/upload/3/5a863aab-ID2962.jpg,2715,"[{""x"": 58.17187660963121, ""y"": 58.726037856583524, ""width"": 6.797968588304223, ""height"": 1.263470838205144, ""rotation"": 0, ""original_width"": 3024, ""original_height"": 4032}]",7359992902380316,1,1114,2022-06-02T09:13:51.461698Z,2022-06-02T09:13:51.461698Z,78.676
/data/upload/3/73832026-ID2945.jpeg,2701,"[{""x"": 32.4463364938961, ""y"": 70.73359229553799, ""width"": 8.501076738762096, ""height"": 0.7715945447600799, ""rotation"": 0, ""original_width"": 3024, ""original_height"": 4032}]",5706567202388234,1,1113,2022-06-02T09:11:04.433442Z,2022-06-02T09:11:04.433442Z,33.781
/data/upload/3/8647e85c-ID2944.jpg,2700,"[{""x"": 36.23225510502427, ""y"": 32.1043549659428, ""width"": 9.430595884239763, ""height"": 0.7181761481074886, ""rotation"": 0, ""original_width"": 3024, ""original_height"": 4032}]",31587734,1,1112,2022-06-02T09:10:26.829008Z,2022-06-02T09:10:26.829008Z,1.74
/data/upload/3/df10ee51-ID2933.jpg,2691,"[{""x"": 5.18003219548716, ""y"": 35.31587736743971, ""width"": 27.50511575498653, ""height"": 3.4249929344313736, ""rotation"": 3.7481892854128205, ""original_width"": 1844, ""original_height"": 4000}]",7359992890732920,1,1111,2022-06-02T09:05:45.480209Z,2022-06-02T09:05:45.480209Z,43.612
/data/upload/3/272f04bf-ID2921.JPG,2681,"[{""x"": 30.237706467565896, ""y"": 68.36471172503902, ""width"": 6.159219611682782, ""height"": 1.2183071759372675, ""rotation"": 0, ""original_width"": 3024, ""original_height"": 4032}]",7359992907545734,1,1110,2022-06-02T09:00:31.663773Z,2022-06-02T09:00:31.663773Z,24.365
/data/upload/3/e6ad19b2-ID2907.jpeg,2672,"[{""x"": 28.636550496799764, ""y"": 59.274304992044314, ""width"": 6.24409996212768, ""height"": 1.214406733570482, ""rotation"": 358.64238730825616, ""original_width"": 3024, ""original_height"": 4032}]",7359992904160855,1,1109,2022-06-02T08:59:05.941470Z,2022-06-02T08:59:05.941470Z,85.901
/data/upload/3/441f115e-ID2867.jpg,2639,"[{""x"": 28.685670382412184, ""y"": 35.60981397594769, ""width"": 5.51566955721583, ""height"": 1.2769974083553952, ""rotation"": 0, ""original_width"": 3024, ""original_height"": 4032}]",DET18003261,1,1108,2022-06-02T08:41:41.575431Z,2022-06-02T08:41:41.575431Z,42.629
/data/upload/3/4c08226c-ID2864.jpg,2636,"[{""x"": 26.32587253216657, ""y"": 68.78169863301646, ""width"": 6.443490538996744, ""height"": 1.1212309962792866, ""rotation"": 0, ""original_width"": 3648, ""original_height"": 5472}]",7359992695001137,1,1107,2022-06-02T08:40:37.948947Z,2022-06-02T08:40:37.948947Z,158.388
/data/upload/3/a7d1f83d-ID2851.jpg,2627,"[{""x"": 65.7239953522444, ""y"": 78.39767285745178, ""width"": 7.8509998860631525, ""height"": 1.481386866895917, ""rotation"": 2.41523540001009, ""original_width"": 3024, ""original_height"": 4032}, {""x"": 82.26192007533827, ""y"": 92.71613627227202, ""width"": 9.446697308453446, ""height"": 1.4811787445682703, ""rotation"": 358.76099222389826, ""original_width"": 3024, ""original_height"": 4032}]","[""7359992900618718"", ""7359992900618718""]",1,1106,2022-06-02T08:34:26.135822Z,2022-06-02T08:34:40.953569Z,523.03
/data/upload/3/4eb8912f-ID2847.jpeg,2624,"[{""x"": 28.466341841775918, ""y"": 64.65639637370617, ""width"": 5.78544807122133, ""height"": 1.0638675616991438, ""rotation"": 357.3565963284326, ""original_width"": 3024, ""original_height"": 4032}]",7359992893597460,1,1105,2022-06-02T08:32:31.701715Z,2022-06-02T08:32:31.701715Z,202.956
/data/upload/3/9f97b5b2-ID2845.jpg,2622,"[{""x"": 38.02320228059308, ""y"": 77.02160795456396, ""width"": 7.146703744598323, ""height"": 1.30693897508969, ""rotation"": 4.513084763972699, ""original_width"": 3024, ""original_height"": 4032}, {""x"": 87.17259324748224, ""y"": 74.77640298103096, ""width"": 12.65796429739174, ""height"": 1.6853773651718693, ""rotation"": 15.928718282802663, ""original_width"": 3024, ""original_height"": 4032}]","[""7359992906186136"", ""7359992906186136""]",1,1104,2022-05-31T10:50:34.804103Z,2022-06-02T08:28:52.985789Z,173.136
/data/upload/3/233f2199-ID2833.jpg,2617,"[{""x"": 29.02987259119508, ""y"": 45.109856598936325, ""width"": 17.580183494542286, ""height"": 2.8897578070622925, ""rotation"": 359.32596310201615, ""original_width"": 3024, ""original_height"": 4032}]",5706567310364250,1,1103,2022-05-31T10:46:55.029224Z,2022-05-31T10:46:55.029224Z,68.108
/data/upload/3/8078d9f7-ID2829.JPG,2614,"[{""x"": 20.635237669780267, ""y"": 75.78626746054087, ""width"": 5.836845705734431, ""height"": 1.0046049590263781, ""rotation"": 353.4695014537954, ""original_width"": 3024, ""original_height"": 4032}]",17589581,1,1102,2022-05-31T10:45:38.563736Z,2022-05-31T10:45:38.563736Z,84.53
/data/upload/3/08ed1c6e-ID2824.jpeg,2610,"[{""x"": 37.076154918900556, ""y"": 62.35155984525402, ""width"": 6.787375141701066, ""height"": 1.2954031532552455, ""rotation"": 354.5794047162414, ""original_width"": 3024, ""original_height"": 4032}]",7359992890399857,1,1101,2022-05-13T15:38:58.878142Z,2022-05-13T15:38:58.878142Z,78.165
/data/upload/3/39d63624-ID2820.jpeg,2606,"[{""x"": 20.102259833545617, ""y"": 61.43102322209029, ""width"": 6.834368523938235, ""height"": 1.2570980850889897, ""rotation"": 355.8469496586771, ""original_width"": 3024, ""original_height"": 4032}]",7359992924471634,1,1100,2022-05-13T15:37:15.310868Z,2022-05-13T15:37:15.311856Z,54.087
/data/upload/3/27a84bf2-ID2813.jpeg,2602,"[{""x"": 65.86502320578697, ""y"": 54.408614802853116, ""width"": 8.56389692735172, ""height"": 2.0296250592242, ""rotation"": 0.824001613427356, ""original_width"": 3024, ""original_height"": 4032}]",(8004)505514281300837,1,1099,2022-05-13T15:35:39.777219Z,2022-05-13T15:35:39.777219Z,66.593
/data/upload/3/aa12c723-ID2797.jpg,2588,"[{""x"": 36.55735075616975, ""y"": 63.17052387406404, ""width"": 17.653635045613232, ""height"": 3.3300629118422034, ""rotation"": 0.5438959586215901, ""original_width"": 3472, ""original_height"": 4624}]",(8004)7333326000367252,1,1098,2022-05-13T15:32:35.371633Z,2022-05-13T15:32:35.371633Z,95.353
/data/upload/3/ebf87c59-ID2795.jpg,2586,"[{""x"": 59.76429843589462, ""y"": 64.57504259783974, ""width"": 6.038411250474927, ""height"": 1.2092657790755894, ""rotation"": 357.17475208395297, ""original_width"": 2736, ""original_height"": 3648}]",7359992896398519,1,1097,2022-05-13T15:29:52.958191Z,2022-05-13T15:29:52.958191Z,50.883
/data/upload/3/ac7e2e88-ID2787.jpg,2579,"[{""x"": 34.76379003953745, ""y"": 64.90460708439711, ""width"": 5.62315313820598, ""height"": 1.172263640296318, ""rotation"": 5.955242840948301, ""original_width"": 3024, ""original_height"": 4032}]",7359992900705548,1,1096,2022-05-13T15:25:16.706508Z,2022-05-13T15:25:16.706508Z,50.649
/data/upload/3/0b7b7bce-ID2761.jpg,2562,"[{""x"": 20.946170741287784, ""y"": 63.1255244277549, ""width"": 10.661413438680416, ""height"": 1.0716220953687887, ""rotation"": 357.906095078583, ""original_width"": 3456, ""original_height"": 4608}]",5706567269362390,1,1095,2022-05-13T15:21:08.638346Z,2022-05-13T15:21:08.638346Z,69.501
/data/upload/3/364943f6-ID2756.jpeg,2559,"[{""x"": 34.46014638094682, ""y"": 72.15171556106374, ""width"": 8.158726102122982, ""height"": 0.7576273908294641, ""rotation"": 358.76136532910357, ""original_width"": 3024, ""original_height"": 4032}]",5706567272497126,1,1094,2022-05-13T15:19:44.578190Z,2022-05-13T15:19:44.578190Z,43.136
/data/upload/3/8b8861c9-ID2724.jpeg,2531,"[{""x"": 33.67572222191154, ""y"": 63.29487970273367, ""width"": 6.931539003581615, ""height"": 1.26907153698706, ""rotation"": 358.9949139947469, ""original_width"": 3024, ""original_height"": 4032}]",7359992905598824,1,1093,2022-05-13T15:16:10.452315Z,2022-05-13T15:16:10.452315Z,52.182
/data/upload/3/89cdf8f4-ID2717.jpeg,2525,"[{""x"": 58.26834213748815, ""y"": 51.03116073786607, ""width"": 5.861038440321421, ""height"": 0.9829485693261466, ""rotation"": 358.26429541107314, ""original_width"": 3024, ""original_height"": 4032}]",(8004)697342847100246472,1,1092,2022-05-13T15:14:00.933443Z,2022-05-13T15:14:00.933443Z,62.599
/data/upload/3/8aab29f9-ID2707.jpeg,2518,"[{""x"": 31.730796694409683, ""y"": 63.10310140484433, ""width"": 6.877440812877151, ""height"": 1.3459853253122889, ""rotation"": 2.02818190867589, ""original_width"": 3024, ""original_height"": 4032}]",7359992892547287,1,1091,2022-05-13T15:12:07.114940Z,2022-05-13T15:12:07.114940Z,68.958
/data/upload/3/b075839e-ID2689.jpeg,2506,"[{""x"": 65.66491807341961, ""y"": 78.9571336630787, ""width"": 8.496983751815453, ""height"": 1.1360319318914593, ""rotation"": 357.6614655057176, ""original_width"": 3024, ""original_height"": 4032}]",(8004) 0887624 502148902,1,1090,2022-05-13T15:09:11.353412Z,2022-05-13T15:09:11.353412Z,67.96
/data/upload/3/dba7bad6-ID2677.jpg,2499,"[{""x"": 16.161876021880946, ""y"": 43.33756897458071, ""width"": 10.795007889037318, ""height"": 0.7670842496120442, ""rotation"": 1.3526095721279603, ""original_width"": 2268, ""original_height"": 4032}]",5706567343407825,1,1089,2022-05-13T15:07:03.722147Z,2022-05-13T15:07:03.722147Z,68.469
/data/upload/3/fe4b79eb-ID2671.jpg,2494,"[{""x"": 28.331212546175006, ""y"": 70.00668458497977, ""width"": 8.555918842969383, ""height"": 1.6610335576031703, ""rotation"": 0, ""original_width"": 3024, ""original_height"": 4032}]",7359992895159388,1,1088,2022-05-13T15:05:15.842206Z,2022-05-13T15:05:15.842206Z,90.876
/data/upload/3/3c61db87-ID2665.jpg,2489,"[{""x"": 17.708638769743136, ""y"": 62.3222638355567, ""width"": 7.587142405131534, ""height"": 0.6999863854097759, ""rotation"": 355.35046855895047, ""original_width"": 3024, ""original_height"": 4032}]",5706567299888914,1,1087,2022-05-13T15:03:02.943126Z,2022-05-13T15:03:02.943126Z,52.296
/data/upload/3/aaec8af4-ID2657.jpeg,2484,"[{""x"": 46.2392897462527, ""y"": 42.653484478525016, ""width"": 5.96550410286512, ""height"": 1.6079560640055872, ""rotation"": 0, ""original_width"": 4032, ""original_height"": 3024}]",(8004) 5051639583224108,1,1086,2022-05-13T15:00:54.023997Z,2022-05-13T15:00:54.023997Z,60.305
/data/upload/3/684aba0c-ID2652.jpeg,2479,"[{""x"": 29.439920930268027, ""y"": 71.32141487196083, ""width"": 8.27350471031956, ""height"": 0.8285730583933186, ""rotation"": 358.82486676275994, ""original_width"": 3024, ""original_height"": 4032}]",5706567272589562,1,1085,2022-05-13T14:59:28.018999Z,2022-05-13T14:59:28.018999Z,63.924
/data/upload/3/86e66e54-ID2638.jpg,2469,"[{""x"": 25.794508835640567, ""y"": 75.09152150563489, ""width"": 5.753397868909908, ""height"": 1.849727115567405, ""rotation"": 1.554099192518379, ""original_width"": 4608, ""original_height"": 3456}]",7359992899641780,1,1084,2022-05-13T14:54:44.875016Z,2022-05-13T14:54:44.875016Z,75.132
/data/upload/3/ec544102-ID2631.jpg,2465,"[{""x"": 11.752726924695954, ""y"": 74.21207874969184, ""width"": 7.786617957306246, ""height"": 1.4198790258689569, ""rotation"": 357.9725355050053, ""original_width"": 3024, ""original_height"": 4032}]",7359992897032191,1,1083,2022-05-13T14:52:18.157142Z,2022-05-13T14:52:18.157142Z,60.209
/data/upload/3/3317c45e-ID2626.jpg,2461,"[{""x"": 33.36116997144898, ""y"": 67.40595099819147, ""width"": 5.886453756171434, ""height"": 1.0686063876671363, ""rotation"": 353.7456167552905, ""original_width"": 3024, ""original_height"": 4032}]",7359992906744785,1,1082,2022-05-13T14:49:45.080743Z,2022-05-13T14:50:55.224665Z,8974.032
/data/upload/3/3fb43882-ID2625.jpg,2460,"[{""x"": 58.22079563265694, ""y"": 75.9949553667359, ""width"": 7.831436605808335, ""height"": 1.4600723971771234, ""rotation"": 10.848274082968658, ""original_width"": 3024, ""original_height"": 4032}]",7359992893792280,1,1081,2022-05-13T14:47:37.487890Z,2022-05-13T14:47:37.488872Z,71.35
/data/upload/3/372fc137-ID2624.jpeg,2459,"[{""x"": 68.01046582346413, ""y"": 43.94240371479723, ""width"": 3.3421445066260027, ""height"": 1.2452950723668028, ""rotation"": 357.5161939338353, ""original_width"": 3024, ""original_height"": 4032}]",114287,1,1080,2022-05-13T14:46:23.463077Z,2022-05-13T14:46:23.463077Z,55.098
/data/upload/3/be99f601-ID2619.jpeg,2456,"[{""x"": 31.809971817344238, ""y"": 77.41295017746606, ""width"": 8.762051024240154, ""height"": 0.7894788969817085, ""rotation"": 346.4529996827804, ""original_width"": 3024, ""original_height"": 4032}]",5706567294636107,1,1079,2022-05-13T14:45:15.094483Z,2022-05-13T14:45:15.094483Z,82.66
/data/upload/3/9f693e94-ID2616.jpeg,2453,"[{""x"": 24.56675250077009, ""y"": 68.4472523326728, ""width"": 7.026801994547186, ""height"": 1.347521573385141, ""rotation"": 0, ""original_width"": 3024, ""original_height"": 4032}]",7359992894900967,1,1078,2022-05-13T14:42:55.693056Z,2022-05-13T14:42:55.693056Z,47.721
/data/upload/3/44943745-ID2595.jpg,2438,"[{""x"": 69.89700076620672, ""y"": 54.134331909881624, ""width"": 8.156554583145601, ""height"": 1.237707802162042, ""rotation"": 358.9035639160109, ""original_width"": 2252, ""original_height"": 4000}, {""x"": 36.82364546255983, ""y"": 58.266054965272964, ""width"": 6.500899034308071, ""height"": 1.0884258858041278, ""rotation"": 356.8329731087967, ""original_width"": 2252, ""original_height"": 4000}]","[""7340157011285323"", ""(8018) 735 999 128""]",1,1077,2022-05-13T14:27:32.844914Z,2022-05-13T14:36:22.708873Z,8101.505
/data/upload/3/0666fc76-ID2594.jpg,2437,"[{""x"": 29.71644439166135, ""y"": 33.83903964906099, ""width"": 4.576098547339709, ""height"": 1.9888936363088596, ""rotation"": 4.415635646140231, ""original_width"": 4624, ""original_height"": 2604}, {""x"": 33.68280337626666, ""y"": 15.875733175908291, ""width"": 5.456033748656729, ""height"": 2.222585383857853, ""rotation"": 7.057710357255814, ""original_width"": 4624, ""original_height"": 2604}]","[""7350039133394534"", ""(8018) 735999 137 001 057 705""]",1,1076,2022-05-13T14:24:39.889703Z,2022-05-13T14:24:39.889703Z,386.589
/data/upload/3/40348552-ID2593.jpg,2436,,,1,1075,2022-05-13T14:12:30.632570Z,2022-05-13T14:17:32.725377Z,6971.306
/data/upload/3/ac331914-ID2589.jpg,2433,"[{""x"": 30.550630678525224, ""y"": 64.15483100401208, ""width"": 9.017021695767996, ""height"": 0.9030508122685825, ""rotation"": 0.5885360770910211, ""original_width"": 3024, ""original_height"": 4032}]",5706567272490899,1,1074,2022-05-13T14:06:23.313402Z,2022-05-13T14:06:23.313402Z,57.754
/data/upload/3/a27f5130-ID2587.jpg,2431,"[{""x"": 45.893029113949964, ""y"": 61.014631842909786, ""width"": 6.081429134680779, ""height"": 0.6700115704832348, ""rotation"": 353.99099404250717, ""original_width"": 3024, ""original_height"": 4032}]",5706567281165528,1,1073,2022-05-13T14:05:12.970272Z,2022-05-13T14:05:12.970272Z,70.887
/data/upload/3/db3b1a44-ID2574.jpg,2419,"[{""x"": 35.176440414087075, ""y"": 63.07555415360296, ""width"": 6.041192607953284, ""height"": 1.1578952498575892, ""rotation"": 0, ""original_width"": 3024, ""original_height"": 4032}]",7359992908522629,1,1072,2022-05-13T14:01:42.348056Z,2022-05-13T14:01:42.348056Z,86.464
/data/upload/3/aa706600-ID2572.jpg,2417,"[{""x"": 23.944309376126824, ""y"": 62.81245254991021, ""width"": 5.491997981858383, ""height"": 1.0293272248855068, ""rotation"": 358.25769983386203, ""original_width"": 3024, ""original_height"": 4032}]",7359992908522629,1,1071,2022-05-13T13:59:57.465148Z,2022-05-13T13:59:57.465148Z,68.675
/data/upload/3/8708e465-ID2569.jpg,2414,"[{""x"": 27.042510718487286, ""y"": 72.88851011331445, ""width"": 7.242159323626972, ""height"": 1.0053547588378957, ""rotation"": 0, ""original_width"": 2268, ""original_height"": 4032}]",7359992896090307,1,1070,2022-05-13T13:56:45.284523Z,2022-05-13T13:56:45.284523Z,53.553
/data/upload/3/8bab7bc9-ID2567.jpeg,2413,"[{""x"": 54.3642391347734, ""y"": 49.65279042702514, ""width"": 5.871070257193626, ""height"": 0.8251858589834632, ""rotation"": 0, ""original_width"": 3024, ""original_height"": 4032}]",(8004) 5051639571472153,1,1069,2022-05-13T13:55:47.461706Z,2022-05-13T13:55:47.461706Z,65.071
/data/upload/3/7d52b82a-ID2566.jpg,2412,"[{""x"": 30.33062792250716, ""y"": 72.07807835965528, ""width"": 10.743219004752707, ""height"": 0.9884567111447896, ""rotation"": 358.18588220140197, ""original_width"": 3024, ""original_height"": 4032}]",5706567288822103,1,1068,2022-05-13T13:54:38.658457Z,2022-05-13T13:54:38.658457Z,57.994
/data/upload/3/ecd0c6aa-ID2563.jpg,2409,"[{""x"": 39.66680367050663, ""y"": 67.31001554234658, ""width"": 9.437004130266972, ""height"": 1.3981299521926778, ""rotation"": 358.7800913752408, ""original_width"": 2048, ""original_height"": 3657}]",7359992890984299,1,1067,2022-05-13T13:53:28.638008Z,2022-05-13T13:53:28.638008Z,57.193
/data/upload/3/532861b5-ID2562.jpeg,2408,"[{""x"": 36.54686738983639, ""y"": 67.0451890255215, ""width"": 7.440747194912519, ""height"": 1.3167090375970303, ""rotation"": 357.6304852622317, ""original_width"": 3024, ""original_height"": 4032}]",17592122,1,1066,2022-05-13T13:49:35.813267Z,2022-05-13T13:51:13.652367Z,5392.454
/data/upload/3/7fcb58e5-ID2560.jpg,2406,"[{""x"": 10.081110639914833, ""y"": 55.95444083717753, ""width"": 10.7125179963439, ""height"": 2.111971757148994, ""rotation"": 1.2085080985892205, ""original_width"": 3024, ""original_height"": 4032}]",(8018) 735 999 166 202 111 756,1,1065,2022-05-13T13:48:36.649279Z,2022-05-13T13:48:36.649279Z,69.562
/data/upload/3/01d79281-ID2551.jpg,2400,"[{""x"": 29.333129769079207, ""y"": 69.70230446361585, ""width"": 9.92759366385478, ""height"": 0.9316831800392531, ""rotation"": 0.6193897032164273, ""original_width"": 3024, ""original_height"": 4032}]",5706567293457482,1,1064,2022-05-13T13:46:24.804772Z,2022-05-13T13:46:24.804772Z,54.912
/data/upload/3/ebaf7a9b-ID2545.jpg,2394,"[{""x"": 16.491874862399015, ""y"": 63.05488371483841, ""width"": 8.317465210520565, ""height"": 0.4990109066627391, ""rotation"": 356.6252104062922, ""original_width"": 1816, ""original_height"": 4032}]",5706567269693760,1,1063,2022-05-13T13:42:06.456599Z,2022-05-13T13:42:06.456599Z,67.781
/data/upload/3/84140335-ID2528.jpg,2381,"[{""x"": 32.68172493074506, ""y"": 75.7385398333691, ""width"": 7.655165862372017, ""height"": 1.4884562335390032, ""rotation"": 0, ""original_width"": 3024, ""original_height"": 4032}, {""x"": 48.53349582642333, ""y"": 89.53657571991891, ""width"": 9.56557275117502, ""height"": 1.3459341543841774, ""rotation"": 356.15312235487136, ""original_width"": 3024, ""original_height"": 4032}]","[""7359992900112865"", ""7359992900112865""]",1,1062,2022-05-13T13:37:56.849768Z,2022-05-13T13:37:56.849768Z,175.455
/data/upload/3/0f01c8e3-ID2525.jpg,2379,"[{""x"": 23.89078835010671, ""y"": 63.84555411636493, ""width"": 6.700855665339797, ""height"": 1.2755260030240025, ""rotation"": 353.9597824644617, ""original_width"": 3024, ""original_height"": 4032}, {""x"": 37.52044593971872, ""y"": 74.45748997299852, ""width"": 7.5987403073876365, ""height"": 1.0968548853030422, ""rotation"": 347.3195348186285, ""original_width"": 3024, ""original_height"": 4032}]","[""7359992900112865"", ""7359992900112865""]",1,1061,2022-05-13T13:34:50.412127Z,2022-05-13T13:34:50.412127Z,140.993
/data/upload/3/79f18c37-ID2524.jpeg,2378,"[{""x"": 46.01005332933933, ""y"": 60.2566579778071, ""width"": 9.909575201609554, ""height"": 0.9460527221595625, ""rotation"": 359.3376505527057, ""original_width"": 3024, ""original_height"": 4032}]",5706567288783701,1,1060,2022-05-13T13:32:22.543197Z,2022-05-13T13:32:22.543197Z,60.659
/data/upload/3/30e8773a-ID2522.jpeg,2376,"[{""x"": 60.80438020077174, ""y"": 68.70536909631629, ""width"": 6.863131536657673, ""height"": 1.2793178967417933, ""rotation"": 0.5193505722238001, ""original_width"": 3024, ""original_height"": 4032}]",7359992896391695,1,1059,2022-05-13T13:31:13.744568Z,2022-05-13T13:31:13.744568Z,85.341
/data/upload/3/9cd87cdb-ID2519.jpg,2373,"[{""x"": 76.34194311586567, ""y"": 36.194991005972284, ""width"": 9.593788671553591, ""height"": 2.1566001097207925, ""rotation"": 358.87669728592533, ""original_width"": 3024, ""original_height"": 3024}]",(8004) 5051639100793964,1,1058,2022-05-13T13:29:23.039788Z,2022-05-13T13:29:23.039788Z,86.966
/data/upload/3/9c23dfda-ID2515.jpeg,2369,"[{""x"": 40.97526146473784, ""y"": 76.15757255034025, ""width"": 6.387659887580817, ""height"": 1.2874242261202555, ""rotation"": 7.308711217697976, ""original_width"": 3024, ""original_height"": 4032}]",7359992903976714,1,1057,2022-05-13T13:27:39.130090Z,2022-05-13T13:27:39.130090Z,80.78
/data/upload/3/52b1cf4a-ID2512.jpg,2366,"[{""x"": 44.785281930372946, ""y"": 63.7511189101738, ""width"": 6.668525250990148, ""height"": 1.1562176633476555, ""rotation"": 3.168748733398729, ""original_width"": 3024, ""original_height"": 4032}]",735999593171535,1,1056,2022-05-13T13:25:50.430067Z,2022-05-13T13:25:50.430067Z,84.604
/data/upload/3/9b68768c-ID2160.jpg,2083,"[{""x"": 27.954510870984198, ""y"": 62.195547991756925, ""width"": 6.131192279983409, ""height"": 1.187742209078419, ""rotation"": 1.7325515333316162, ""original_width"": 3024, ""original_height"": 4032}]",7359992905528333,1,1055,2022-05-13T13:14:38.973200Z,2022-05-13T13:14:46.768572Z,3205.45
/data/upload/3/8da313df-ID2159.jpg,2082,"[{""x"": 55.017095931339846, ""y"": 54.95388917559839, ""width"": 8.009599720618711, ""height"": 1.132504486725298, ""rotation"": 2.1344383803130995, ""original_width"": 3024, ""original_height"": 4032}]",(8004) 0887624 004980345,1,1054,2022-05-13T13:13:37.486110Z,2022-05-13T13:13:37.486110Z,77.912
/data/upload/3/003e8539-ID2158.jpg,2081,"[{""x"": 9.328846998310917, ""y"": 32.07151050854317, ""width"": 18.268207629918884, ""height"": 3.462953371284449, ""rotation"": 359.4838357702379, ""original_width"": 3024, ""original_height"": 4032}]",7359992927994123,1,1053,2022-05-13T13:12:15.872936Z,2022-05-13T13:12:15.872936Z,41.005
/data/upload/3/22bb6c20-ID2157.jpg,2080,"[{""x"": 38.05164658388053, ""y"": 24.229834373319797, ""width"": 9.706617017832388, ""height"": 1.8763679381739216, ""rotation"": 1.9886927312105058, ""original_width"": 3024, ""original_height"": 4032}]",7359992893397027,1,1052,2022-05-13T13:08:01.182180Z,2022-05-13T13:08:01.182180Z,65.091
/data/upload/3/4f028b68-ID2156.jpeg,2079,"[{""x"": 22.59793471307514, ""y"": 64.38997314007227, ""width"": 7.298132614576502, ""height"": 1.4024682975219536, ""rotation"": 359.1013163792635, ""original_width"": 2736, ""original_height"": 3648}]",7359992902535433,1,1051,2022-05-13T13:06:42.958863Z,2022-05-13T13:06:42.958863Z,72.32
/data/upload/3/c4d21bac-ID2155.jpg,2078,"[{""x"": 25.756851531406443, ""y"": 67.69576807712963, ""width"": 7.093924414058311, ""height"": 1.348488229733405, ""rotation"": 0.560596223987261, ""original_width"": 3024, ""original_height"": 4032}]",7359992927994123,1,1050,2022-05-13T13:05:25.409068Z,2022-05-13T13:05:25.409068Z,77.354
/data/upload/3/5ba694d5-ID2154.jpeg,2077,"[{""x"": 67.08402305188584, ""y"": 80.63089759041722, ""width"": 10.72216036814158, ""height"": 1.4715719174390292, ""rotation"": 0, ""original_width"": 3024, ""original_height"": 4032}]",(8004) 0887624 501191664,1,1049,2022-05-13T13:04:01.559292Z,2022-05-13T13:04:01.559292Z,54.509
/data/upload/3/8fa7da33-ID2145.jpg,2069,"[{""x"": 30.105794290597007, ""y"": 81.8140216747849, ""width"": 15.795510523868545, ""height"": 1.4969905588017567, ""rotation"": 358.7760855555888, ""original_width"": 3024, ""original_height"": 4032}]",576567288837602,1,1048,2022-05-13T13:00:25.228267Z,2022-05-13T13:00:25.228267Z,46.701
/data/upload/3/d162dee4-ID2139.jpg,2065,"[{""x"": 55.31002458749461, ""y"": 42.420423206406646, ""width"": 6.670444908827719, ""height"": 1.5505727693746687, ""rotation"": 357.0530395031565, ""original_width"": 3024, ""original_height"": 4032}]",(8004) 3700621613125392642700268831,1,1047,2022-05-13T12:57:26.393953Z,2022-05-13T12:57:26.393953Z,83.419
/data/upload/3/549a998d-ID2137.jpg,2064,"[{""x"": 36.45479311437648, ""y"": 64.21741019244848, ""width"": 11.903474582822739, ""height"": 1.144307905215907, ""rotation"": 1.191533138950092, ""original_width"": 3024, ""original_height"": 4032}]",5706567288837602,1,1046,2022-05-13T12:55:58.627493Z,2022-05-13T12:55:58.627493Z,69.444
/data/upload/3/85c369aa-ID2131.jpeg,2059,"[{""x"": 25.677608431485723, ""y"": 41.15825031811838, ""width"": 14.3898339703111, ""height"": 3.012732635000075, ""rotation"": 358.483901851708, ""original_width"": 3024, ""original_height"": 4032}]",7359992907979416,1,1045,2022-05-13T12:34:36.910195Z,2022-05-13T12:34:36.910195Z,74.369
/data/upload/3/8a808854-ID2126.jpg,2056,"[{""x"": 12.706253453338944, ""y"": 45.72638951925171, ""width"": 20.984149437722092, ""height"": 4.205317700452552, ""rotation"": 358.44694574366946, ""original_width"": 3024, ""original_height"": 4032}]",7359992898030332,1,1044,2022-05-13T12:32:59.315666Z,2022-05-13T12:32:59.316659Z,40.836
/data/upload/3/f034fcaa-ID2114.jpg,2047,"[{""x"": 19.771674324604575, ""y"": 80.96360203258259, ""width"": 6.325408347178736, ""height"": 1.20016301456416, ""rotation"": 1.9315630265900268, ""original_width"": 3024, ""original_height"": 4032}]",17590167,1,1043,2022-05-13T12:31:22.884483Z,2022-05-13T12:31:22.884483Z,55.139
/data/upload/3/adec0dd0-ID2090.jpg,2031,,,1,1041,2022-05-13T09:45:16.505024Z,2022-05-13T09:57:43.725490Z,6366.015
/data/upload/3/ce1bc020-ID2099.jpg,2036,"[{""x"": 28.940015023671844, ""y"": 69.25280541299807, ""width"": 5.288969457562973, ""height"": 0.8878277414700909, ""rotation"": 350.08134937393834, ""original_width"": 3024, ""original_height"": 4032}]",7359992903762355,1,1042,2022-05-13T09:50:58.224990Z,2022-05-13T09:50:58.224990Z,106.16
/data/upload/3/4cd559ae-ID2075.jpg,2019,"[{""x"": 29.194969580827113, ""y"": 41.39910401365509, ""width"": 2.881301622510037, ""height"": 0.6797115705784168, ""rotation"": 1.0629274507136302, ""original_width"": 3024, ""original_height"": 4032}]",20242762,1,1040,2022-05-13T09:37:36.901189Z,2022-05-13T09:37:36.901189Z,51.487
/data/upload/3/20112929-ID2073.jpeg,2017,"[{""x"": 23.20011886946045, ""y"": 17.41775792982598, ""width"": 6.751370993154477, ""height"": 1.4150682007918645, ""rotation"": 354.8971409379112, ""original_width"": 3024, ""original_height"": 4032}]",735999289278533,1,1039,2022-05-13T09:36:15.325452Z,2022-05-13T09:36:15.325452Z,109.102
/data/upload/3/90998d6b-ID2072.jpg,2016,"[{""x"": 31.56956322206152, ""y"": 66.71644543226034, ""width"": 9.721056109073437, ""height"": 1.448978664702154, ""rotation"": 359.5185341941609, ""original_width"": 2604, ""original_height"": 4624}]",7359992896638875,1,1038,2022-05-13T09:33:57.648686Z,2022-05-13T09:33:57.648686Z,61.031
/data/upload/3/ad2b8c7c-ID2069.jpg,2013,"[{""x"": 34.960985170466145, ""y"": 48.78391313623692, ""width"": 8.067047438097559, ""height"": 1.0337810577514193, ""rotation"": 1.1021800978021474, ""original_width"": 1960, ""original_height"": 4032}, {""x"": 45.766929317438255, ""y"": 62.5315057130621, ""width"": 9.297220430975496, ""height"": 0.9271270738421699, ""rotation"": 288.47080414119876, ""original_width"": 1960, ""original_height"": 4032}]","[""7359992899010302"", ""7359992899010302""]",1,1037,2022-05-13T09:29:09.014543Z,2022-05-13T09:29:09.014543Z,164.043
/data/upload/3/4576c8c9-ID2068.jpeg,2012,"[{""x"": 15.96960625302267, ""y"": 70.1965714526466, ""width"": 6.587286816945512, ""height"": 1.2026535245222993, ""rotation"": 358.3886920151031, ""original_width"": 3024, ""original_height"": 4032}]",735992894218918,1,1036,2022-05-13T09:26:14.817570Z,2022-05-13T09:26:14.817570Z,70.236
/data/upload/3/1267ac88-ID2064.jpg,2008,"[{""x"": 36.93156957097383, ""y"": 37.042543967977856, ""width"": 5.543511229530931, ""height"": 0.8348650735444438, ""rotation"": 0.5850608604267222, ""original_width"": 3000, ""original_height"": 4000}]",(8004) 5051639583639667,1,1035,2022-05-13T09:14:58.502952Z,2022-05-13T09:24:08.915339Z,4351.691
